wd5,Ardent Mills,https://ardentmills.wd5.myworkdayjobs.com/en-US/Ardent_Mills_LLC/job/Saginaw-TX/Sanitation-Utility---1st-Shift_R10236
wd5,Ardent Mills,https://ardentmills.wd5.myworkdayjobs.com/en-US/Ardent_Mills_LLC/job/Columbus-OH/Flour-Production-Technician---Bulk-Operator--Rotating-Shifts-_R10235
wd5,Ardent Mills,https://ardentmills.wd5.myworkdayjobs.com/en-US/Ardent_Mills_LLC/job/Remote-CO/IT-QA-Engineer--Remote-_R10100
wd5,Ardent Mills,https://ardentmills.wd5.myworkdayjobs.com/en-US/Ardent_Mills_LLC/job/Alton-IL/Utility-Operator---Mill-Utility---Rotating-Shifts---Union_R10184
wd5,Ardent Mills,https://ardentmills.wd5.myworkdayjobs.com/en-US/Ardent_Mills_LLC/job/Denver-CO/Sr-Food-Scientist_R10223
wd5,Ardent Mills,https://ardentmills.wd5.myworkdayjobs.com/en-US/Ardent_Mills_LLC/job/Plymouth-MN/Director--Technical-Services_R10222
wd5,Ardent Mills,https://ardentmills.wd5.myworkdayjobs.com/en-US/Ardent_Mills_LLC/job/Denver-CO/Food-Scientist-I_R10221
wd5,Ardent Mills,https://ardentmills.wd5.myworkdayjobs.com/en-US/Ardent_Mills_LLC/job/Mississauga-ON/Sales---Pricing-Analyst--Mississauga---Hybrid-_R10218
wd5,Ardent Mills,https://ardentmills.wd5.myworkdayjobs.com/en-US/Ardent_Mills_LLC/job/Denver-CO/Assistant-Miller---3rd-shift_R10187
wd5,Ardent Mills,https://ardentmills.wd5.myworkdayjobs.com/en-US/Ardent_Mills_LLC/job/Arlington-OR/Production-Utility_R10232
wd5,Ardent Mills,https://ardentmills.wd5.myworkdayjobs.com/en-US/Ardent_Mills_LLC/job/Hastings-MN/Mill-Utility-Operator---Rotating-12-Hour-Shifts---Union_R10228
wd5,Ardent Mills,https://ardentmills.wd5.myworkdayjobs.com/en-US/Ardent_Mills_LLC/job/Hastings-MN/Utility-Operator---Rotating-Shifts---Union_R10225
wd5,Ardent Mills,https://ardentmills.wd5.myworkdayjobs.com/en-US/Ardent_Mills_LLC/job/Ogden-UT/Assistant-Miller----Rotating-Shift_R10200
wd5,Ardent Mills,https://ardentmills.wd5.myworkdayjobs.com/en-US/Ardent_Mills_LLC/job/Arlington-OR/Pack-Operator---2nd-shift_R10164
wd5,Ardent Mills,https://ardentmills.wd5.myworkdayjobs.com/en-US/Ardent_Mills_LLC/job/Arlington-OR/Maintenance-Technician-II_R10212
wd5,Ardent Mills,https://ardentmills.wd5.myworkdayjobs.com/en-US/Ardent_Mills_LLC/job/Denver-CO/Treasury-Analyst--Risk-Control-Group--Denver-Hybrid-_R10213
wd5,Ardent Mills,https://ardentmills.wd5.myworkdayjobs.com/en-US/Ardent_Mills_LLC/job/Wichita-KS/Elevator-Operator-I--1st-Shift-_R10217
wd5,Ardent Mills,https://ardentmills.wd5.myworkdayjobs.com/en-US/Ardent_Mills_LLC/job/Culpeper-VA/Production-Associate---Utility-Operator--Day-Shift-7AM-3PM-_R10215
wd5,Ardent Mills,https://ardentmills.wd5.myworkdayjobs.com/en-US/Ardent_Mills_LLC/job/Gibsonton-FL/Manufacturing-Technician-IV_R10202
wd5,Ardent Mills,https://ardentmills.wd5.myworkdayjobs.com/en-US/Ardent_Mills_LLC/job/Commerce-City-CO/Maintenance-Planner---Coordinator_R10210
wd5,Ardent Mills,https://ardentmills.wd5.myworkdayjobs.com/en-US/Ardent_Mills_LLC/job/Chester-IL/Bulk-Operator-III--Relief--2nd-Shift--3PM---11PM-_R10209
wd5,Ardent Mills,https://ardentmills.wd5.myworkdayjobs.com/en-US/Ardent_Mills_LLC/job/Omaha-NE/Elevator-Manager_R10190-1
wd5,Ardent Mills,https://ardentmills.wd5.myworkdayjobs.com/en-US/Ardent_Mills_LLC/job/Ogden-UT/Quality-Lab-Technician_R10001
wd5,Ardent Mills,https://ardentmills.wd5.myworkdayjobs.com/en-US/Ardent_Mills_LLC/job/Saskatoon-SK/Roll-Tender_R10208
wd5,Ardent Mills,https://ardentmills.wd5.myworkdayjobs.com/en-US/Ardent_Mills_LLC/job/Mount-Pocono-PA/Assistant-Miller---Day-Shift_R10155
wd5,Ardent Mills,https://ardentmills.wd5.myworkdayjobs.com/en-US/Ardent_Mills_LLC/job/Denver-CO/Organizational-Change-Manager--Hybrid-_R10206-1
wd5,Ardent Mills,https://ardentmills.wd5.myworkdayjobs.com/en-US/Ardent_Mills_LLC/job/Ayer-MA/Maintenance-Technician-III--Maintenance-Planner-_R10196
wd5,Ardent Mills,https://ardentmills.wd5.myworkdayjobs.com/en-US/Ardent_Mills_LLC/job/Remote-CO/Sr-Center-of-Excellence--CoE--Functional-Leader--Engineering_R10188
wd5,Ardent Mills,https://ardentmills.wd5.myworkdayjobs.com/en-US/Ardent_Mills_LLC/job/Denver-CO/Research---Quality-Laboratory-Technician_R10195
wd5,Ardent Mills,https://ardentmills.wd5.myworkdayjobs.com/en-US/Ardent_Mills_LLC/job/Wichita-KS/Sanitation-Utility-Operator---1st-year--5-000-Sign-On-Bonus_R10193
wd5,Ardent Mills,https://ardentmills.wd5.myworkdayjobs.com/en-US/Ardent_Mills_LLC/job/Ogden-UT/Bulk-Operator---Rotating-Shift_R10127
wd5,Ardent Mills,https://ardentmills.wd5.myworkdayjobs.com/en-US/Ardent_Mills_LLC/job/Lake-City-MN/Elevator-Operator--2nd-Shift-1PM---9PM-_R10185
wd5,Ardent Mills,https://ardentmills.wd5.myworkdayjobs.com/en-US/Ardent_Mills_LLC/job/Ogden-UT/Elevator-Operator---1st-Shift_R10153
wd5,Ardent Mills,https://ardentmills.wd5.myworkdayjobs.com/en-US/Ardent_Mills_LLC/job/Denver-CO/Customer-Service-Representative--Hybrid-_R10167
wd5,Ardent Mills,https://ardentmills.wd5.myworkdayjobs.com/en-US/Ardent_Mills_LLC/job/Richardton-ND/Assistant-Miller---2nd-shift_R10152
wd5,Ardent Mills,https://ardentmills.wd5.myworkdayjobs.com/en-US/Ardent_Mills_LLC/job/Richardton-ND/Pack-Operator-II---2nd-shift_R10150
wd5,Ardent Mills,https://ardentmills.wd5.myworkdayjobs.com/en-US/Ardent_Mills_LLC/job/Denver-CO/Sr-Principal-Scientist_R10102
wd5,Ardent Mills,https://ardentmills.wd5.myworkdayjobs.com/en-US/Ardent_Mills_LLC/job/Mount-Pocono-PA/Rail-Car-Unloading-and-Blending-Associate---Rotating-Shift-between-1st-and-2nd-Shift_R9811
wd5,Ardent Mills,https://ardentmills.wd5.myworkdayjobs.com/en-US/Ardent_Mills_LLC/job/Mount-Pocono-PA/Yard-Jockey-Bulk-Trailer-Loader---2nd-Shift----5-000-First-Year-Sign-On-Bonus_R9895
wd5,Ardent Mills,https://ardentmills.wd5.myworkdayjobs.com/en-US/Ardent_Mills_LLC/job/Kenosha-WI/Production-Associate_R9883
wd5,Ardent Mills,https://ardentmills.wd5.myworkdayjobs.com/en-US/Ardent_Mills_LLC/job/Lake-City-MN/Bulk-Plant-Loader--Day-Shift-6-30am-6-30pm-_R10126
wd5,Ardent Mills,https://ardentmills.wd5.myworkdayjobs.com/en-US/Ardent_Mills_LLC/job/Denver-CO/R-D-Application-Technician_R10103
wd5,Ardent Mills,https://ardentmills.wd5.myworkdayjobs.com/en-US/Ardent_Mills_LLC/job/Wichita-KS/Maintenance-Technician--Day-Shift---10-000-First-Year-Sign-On-Bonus_R10122
wd5,Ardent Mills,https://ardentmills.wd5.myworkdayjobs.com/en-US/Ardent_Mills_LLC/job/Denver-CO/Director--Environmental--Health--Safety---Security_R10007
wd5,Ardent Mills,https://ardentmills.wd5.myworkdayjobs.com/en-US/Ardent_Mills_LLC/job/Lake-City-MN/Mill-Utility-Operator--Day-Shift-6-30AM---6-30PM-_R10002
wd5,Ardent Mills,https://ardentmills.wd5.myworkdayjobs.com/en-US/Ardent_Mills_LLC/job/Wichita-KS/Assistant-Bulk-Loader--Night-Shift-6PM---6AM-_R9998
wd5,Ardent Mills,https://ardentmills.wd5.myworkdayjobs.com/en-US/Ardent_Mills_LLC/job/Wichita-KS/Shift-Miller_R9669
