job_url,AWL IDs
https://cambiumlearning.wd1.myworkdayjobs.com/en-US/camb/job/Remote/Data-Analyst-I_REQ-4633,"AWL-25015, AWL-25884, AWL-25966, AWL-26675, AWL-27273, AWL-28492, AWL-28532, AWL-28540, AWL-30563, AWL-30711, AWL-31040, AWL-31878, AWL-32310, AWL-32555, AWL-32898, AWL-33043, AWL-35215, AWL-35261, AWL-36072, AWL-36105, AWL-39786, AWL-41891"
https://wd1.myworkdaysite.com/recruiting/wf/WellsFargoJobs/job/CHARLOTTE-NC/Lead-Python-Network-Automation-Engineer_R-561862-1,"AWL-27855, AWL-30211, AWL-31461, AWL-32063, AWL-32153, AWL-32448, AWL-35034, AWL-35252, AWL-3615, AWL-41712, AWL-4593"
https://cambiumlearning.wd1.myworkdayjobs.com/en-US/camb/job/Remote/Data-Analyst-I_REQ-4633,"AWL-26974, AWL-31380, AWL-31428, AWL-31780, AWL-32241, AWL-32707, AWL-35076, AWL-39198, AWL-39240, AWL-39241, AWL-6802"
https://allina.wd5.myworkdayjobs.com/en-US/External/job/Allina-Commons/Business-Relationship-Specialist_R-0075003,"AWL-26974, AWL-31380, AWL-31428, AWL-31780, AWL-32241, AWL-32707, AWL-35076, AWL-39198, AWL-39240, AWL-39241, AWL-6802"
https://wd1.myworkdaysite.com/recruiting/wf/WellsFargoJobs/job/CHARLOTTE-NC/Senior-Analytics-Consultant---CDO-Analytic-Engineering_R-579581,"AWL-26974, AWL-31380, AWL-31428, AWL-31780, AWL-32241, AWL-32707, AWL-35076, AWL-39240, AWL-39241, AWL-6802"
https://wd1.myworkdaysite.com/recruiting/wf/WellsFargoJobs/job/CHARLOTTE-NC/Lead-Python-Network-Automation-Engineer_R-561862-1,"AWL-26230, AWL-27332, AWL-29612, AWL-32313, AWL-33143, AWL-41711, AWL-43306, AWL-6451"
https://wd1.myworkdaysite.com/recruiting/wf/WellsFargoJobs/job/CHARLOTTE-NC/Lead-Python-Network-Automation-Engineer_R-561862-1,"AWL-26257, AWL-26258, AWL-32830, AWL-32916, AWL-35133, AWL-36116, AWL-39223"
https://wd1.myworkdaysite.com/recruiting/wf/WellsFargoJobs/job/CHARLOTTE-NC/Lead-Software-Engineer--Big-Data--SPARK-_R-573939,"AWL-26230, AWL-27332, AWL-29612, AWL-32313, AWL-33143, AWL-41711, AWL-6451"
https://wfu.wd1.myworkdayjobs.com/en-US/Staff_Career_Website_live/job/Winston-Salem-NC/Senior-Compensation---Benefits-Analyst--Human-Resources_R0009185,"AWL-25574, AWL-29525, AWL-30689, AWL-31101, AWL-32557, AWL-34110, AWL-41710"
https://wd1.myworkdaysite.com/recruiting/wf/WellsFargoJobs/job/CHARLOTTE-NC/Lead-Software-Engineer--Big-Data--SPARK-_R-573939,"AWL-26538, AWL-26828, AWL-30979, AWL-31708, AWL-33823, AWL-41703"
https://clearchanneloutdoor.wd5.myworkdayjobs.com/en-US/CCO/job/Dallas-TX-Arlington/Ad-Operations-Specialist---South-Central-Region_Req24069,"AWL-25966, AWL-27273, AWL-28540, AWL-32898, AWL-36105, AWL-41702"
https://redhat.wd5.myworkdayjobs.com/en-US/jobs/job/Raleigh/Partner-Engagement-Experience--Program-Operations-Analyst_R-059687-1,"AWL-31380, AWL-31428, AWL-31780, AWL-32241, AWL-32707, AWL-35076"
https://wd1.myworkdaysite.com/recruiting/wf/WellsFargoJobs/job/CHARLOTTE-NC/Lead-Software-Engineer--Big-Data--SPARK-_R-573939,"AWL-29518, AWL-31284, AWL-32601, AWL-32904, AWL-33098, AWL-36165"
https://crowdstrike.wd5.myworkdayjobs.com/en-US/crowdstrikecareers/job/USA---Remote/Engagement-Lead--Incident-Response-Partner-Services--Remote-_R30300,"AWL-24752, AWL-31640, AWL-39218, AWL-42461, AWL-584"
https://massgeneralbrigham.wd1.myworkdayjobs.com/MGBExternal/job/Boston-MA/Pharmacist-BWH_RQ4076473,"AWL-32102, AWL-39201, AWL-39777, AWL-6227"
https://wd1.myworkdaysite.com/recruiting/wf/WellsFargoJobs/job/SAINT-CLOUD-MN/Relationship-Banker-Saint-Cloud_R-574301,"AWL-26956, AWL-36028, AWL-36898, AWL-42671"
https://copeland.wd5.myworkdayjobs.com/en-US/Copeland_External_Careers_Page/job/Rushville-IN-USA/Senior-Materials-Analyst_JR118316,"AWL-32102, AWL-39201, AWL-39777, AWL-6227"
https://vumc.wd1.myworkdayjobs.com/en-US/vumccareers/job/Nashville-TN/Data-Engineer---Platform-Administrator--Azure-Databricks-_R-69089,"AWL-32102, AWL-39201, AWL-39777, AWL-6227"
https://keybank.wd5.myworkdayjobs.com/External_Career_Site/job/Remote-United-States/Manager--AI-Risk-Management_R-42436,"AWL-29945, AWL-31114, AWL-36100, AWL-543"
https://redhat.wd5.myworkdayjobs.com/en-US/jobs/job/Remote-US-CA/Senior-AI-Platform-Specialist-Solution-Architect_R-059523-1,"AWL-29945, AWL-31114, AWL-36100, AWL-543"
https://asmglobal.wd1.myworkdayjobs.com/en-US/careers/job/Las-Vegas-NV/Senior-IT-Support-Specialist_R100125877,"AWL-26956, AWL-36028, AWL-36898, AWL-42671"
https://redhat.wd5.myworkdayjobs.com/en-US/jobs/job/Remote-US-CA/Senior-AI-Platform-Specialist-Solution-Architect_R-059523-1,"AWL-24852, AWL-31880, AWL-32933, AWL-3762"
https://bmo.wd3.myworkdayjobs.com/en-US/External/job/New-York-NY-USA/Equity-Research-Associate---Energy-Transition---Infrastructure_R260028184,"AWL-32102, AWL-39201, AWL-39777, AWL-6227"
